name,aliases,lat,lng
2150 Shattuck,,37.870030,-122.268646
2176 Kittredge Street,,37.868226,-122.266491
2251 College Building (Archaeological Research Facility),,37.870199,-122.253847
4.0 Hill,,37.871259,-122.256491
88-Inch Cyclotron,,37.876597,-122.254227
ALS User Support Building,,37.875234,-122.248925
Acheson Commons Walnut Building,,37.872941,-122.267287
Acheson Physicians Building,,37.872527,-122.267436
Administration & Academic Center,,37.864285,-122.249026
Advanced Light Source,,37.875776,-122.248571
African American Theme House,,37.868381,-122.249687
All Saints Chapel,,37.876156,-122.261618
All Souls Episcopal Church,,37.878547,-122.266057
Allston Place,,37.869855,-122.266479
Alpha Chi Omega,,37.868760,-122.250468
Alpha Phi,,37.869280,-122.250515
Alumni House,,37.869733,-122.261293
Amistad House,,37.874394,-122.269070
Anchor House,,37.872866,-122.266619
Anderson Hall,,37.875855,-122.263789
Andres Castro Arms,,37.869062,-122.250511
Anna Head School Building,,37.866650,-122.256832
Anthony Hall,,37.870694,-122.258215
Anthropology Reading Room,,37.869784,-122.255061
Anthropology and Art Practice Building,Kroeber|Kroeber Hall,37.869819,-122.255449
Architects & Engineers,,37.870166,-122.258805
Aurora Theatre,,37.871171,-122.269060
AxeVentures Axe Throwing Berkeley,,37.863650,-122.258876
Bachenheimer,,37.872602,-122.267657
Bakar BioEnginuity Hub,,37.868677,-122.255913
Bancroft Dance Studio,,37.868676,-122.261180
Bancroft Fulton Student Housing,,37.867442,-122.265504
Bancroft Hotel,,37.868973,-122.255072
Bancroft Library,,37.872245,-122.258881
Banway Building,,37.867904,-122.266894
Barker Hall,,37.873964,-122.265480
Bauer Wurster Hall,Wurster|Wurster Hall,37.870574,-122.254795
Benchmark Climbing,,37.878091,-122.268717
Benton Hall,,37.876224,-122.263767
Berkeley Art Museum - Pacific Film Archive,BAMPFA|Berkeley Art Museum,37.870955,-122.266434
Berkeley Art Museum and Pacific Film Archive Film Library,,37.871113,-122.266129
Berkeley Buddhist Temple,,37.866178,-122.266540
Berkeley City Club,,37.867642,-122.262717
Berkeley City College,,37.869811,-122.269686
Berkeley Conference Center,,37.867848,-122.267349
Berkeley Haas Entrepreneurship Hub,,37.870768,-122.253038
Berkeley Hillel Reutlinger Center,Hillel|Berkeley Hillel,37.869234,-122.252960
Berkeley Lab Guest House,,37.875929,-122.250064
Berkeley Law Library,,37.869765,-122.253373
Berkeley Main Post Office,,37.868685,-122.270032
Berkeley Masjid,,37.861932,-122.252693
Berkeley Piano Club,,37.866376,-122.252752
Berkeley Repertory Theatre,,37.871271,-122.269553
Berkeley Shambhala Center,,37.868067,-122.266212
Berkeley Student Organic Garden,,37.876583,-122.267525
Berkeley Tower,,37.871986,-122.267508
Berkeley Town House,,37.863204,-122.260691
Berkeley Way Apartments,,37.872659,-122.269580
Berkeley Way West,BWW,37.873541,-122.267939
Berkeley YMCA,,37.869396,-122.269978
Berkleyan Apartments,,37.873572,-122.266560
Beverly Cleary Hall,,37.866376,-122.259537
Bing Wong Wash Center,,37.862905,-122.259360
Birge Hall,,37.872209,-122.257251
Bishop Berkeley,,37.865984,-122.253373
Blackberry Canyon Gate,,37.875307,-122.253047
Blue Sky Hotel,,37.867693,-122.257905
Blum Hall,,37.875021,-122.258832
Bowles Hall,,37.873355,-122.253031
C V Starr East Asian Library,,37.873539,-122.260343
Cadrian Court,,37.878187,-122.266480
Cafe 3,Cafe Three,37.867290,-122.260520
California Hall,Cal Hall,37.871884,-122.260367
California Memorial Stadium,Memorial Stadium|Simpson Center,37.870998,-122.250739
California Theaters,,37.868823,-122.267190
Calvin Laboratory,,37.871013,-122.253942
Campbell Hall,,37.872981,-122.257087
Carraige House,,37.863779,-122.255745
Casa Joaquin Murieta,,37.868237,-122.252441
Casa Zimbabwe,,37.875650,-122.261032
Central Branch Berkeley Public Library,,37.867962,-122.268657
Chamber of Commerce Building,,37.870469,-122.268694
Chan Building,,37.865149,-122.267116
Chan Shun Auditorium,,37.871531,-122.261642
Channing / Bowditch Apartments,,37.867371,-122.257297
Channing Place,,37.865902,-122.268575
Chapel of the Great Commission,,37.876117,-122.262959
Charles Keeler House,,37.876843,-122.256165
Charles Woodworth House,,37.862014,-122.263115
"Chemistry, Astronomy & Physics Library",,37.872499,-122.255769
Cheney Hall,,37.868065,-122.255643
Chi Omega,,37.867095,-122.251177
Chi Omega Sorority,,37.866811,-122.251345
Chou Hall (North Academic Building),Chou|Chou Hall,37.872388,-122.254362
Christ Church,,37.878450,-122.267521
Christian Hall,,37.868110,-122.255034
Christian Science Organization at the University,,37.868280,-122.256605
Chu Hall,,37.876531,-122.247070
Clark Kerr Campus,Clark Kerr|CKC,37.864230,-122.249350
Cloyne Court,,37.876055,-122.257883
Corder Building,,37.867106,-122.268192
Cory Hall,Cory,37.875048,-122.257574
Creekside Center,,37.870336,-122.261268
Crew House,,37.862161,-122.249684
Crossroads,Crossroads Dining,37.867040,-122.256360
Cunningham Hall,,37.866290,-122.255262
Cupola of the Old Chemistry Building,,37.872708,-122.256114
César E. Chavez Student Center,Chavez Center|Chavez Student Center|Cesar Chavez,37.869747,-122.260162
David Blackwell Hall,Blackwell|Blackwell Hall,37.868028,-122.261069
David Brower Center,,37.869385,-122.266412
Davidson Hall,,37.866267,-122.254225
Davis Hall,,37.874516,-122.258277
Davis House,,37.869542,-122.250643
Delta Upsilon Fraternity,,37.867140,-122.250374
Deutsch Hall,,37.867625,-122.255714
Dining Center & Suites,,37.863669,-122.249133
Doc Hudson Field House,,37.870611,-122.249187
Doe Memorial Library,Doe|Doe Library,37.872187,-122.259513
Donner Laboratory,,37.874575,-122.256407
Downtown Berkeley Inn,,37.867551,-122.270059
Durant Food Court,,37.868228,-122.258074
Durant Hall,,37.871258,-122.260135
Durant House,,37.867195,-122.262090
Durant Residence Hall,,37.868747,-122.253106
Durham Studio Theater,,37.870432,-122.260479
Dwight Triangle,,37.864936,-122.258578
Dwinelle Hall,Dwinelle,37.870715,-122.260630
Earl F. Cheit Hall,Cheit|Cheit Hall,37.871839,-122.254272
Earl Warren Hall,,37.874389,-122.266978
Earth Sciences and Map Library,,37.874028,-122.259657
East Gate,,37.873815,-122.255524
Easton Hall,,37.876283,-122.262059
Edwards Stadium,,37.868935,-122.264820
Ehrman Hall,,37.865872,-122.255338
Empty Gate Zen Center,,37.862353,-122.264562
Enclave Apartments,,37.866315,-122.258325
Environmental Design Archives,,37.870231,-122.254421
Environmental Design Library,,37.870802,-122.254582
Eshleman Hall,Eshleman|ASUC Senate Chambers|Senate Chambers,37.868762,-122.260403
Etcheverry Hall,Etcheverry|Etch,37.875686,-122.259277
Ethnic Studies Library,,37.871571,-122.257430
Euclid Hall,,37.876531,-122.260149
Evans Diamond,,37.869457,-122.263418
Evans Hall,Evans,37.873622,-122.257843
Evans Manor,,37.865083,-122.262344
Faculty Club,,37.871820,-122.255857
Faculty Glade,,37.871400,-122.256530
Faculty House,,37.862657,-122.247716
Fenwick Weavers' Village,,37.865339,-122.260445
Fine Arts Building,,37.864691,-122.266854
Fire Station Number 2,,37.873148,-122.269343
First Church of Christ Scientist,,37.865763,-122.255844
First Congregational Church of Berkeley,,37.867104,-122.261613
First Presbyterian Church of Berkeley,,37.866267,-122.260298
Foothill Hillside 4,,37.875286,-122.256003
Foothill Hillside 5,,37.875199,-122.255207
Foothill Hillside 6 - 8,,37.874951,-122.254781
Foothill Hillside 9,,37.874341,-122.254338
Foothill La Loma 1,,37.875908,-122.256486
Foothill La Loma 2,,37.876342,-122.256537
Foothill La Loma 3,,37.876311,-122.256057
Foothill Student Housing,Foothill,37.875650,-122.255820
Founder's Building,,37.867874,-122.264571
Francis Kittredge Shattuck Building,,37.870869,-122.268600
Free House,,37.869035,-122.254323
Free Speech Movement Cafe,FSM Cafe,37.872420,-122.261010
Freeborn Hall,,37.868045,-122.254593
Freight & Salvage,,37.870747,-122.269528
GTU Student Services and Bookstore,,37.877087,-122.261381
Gaia Building,,37.869259,-122.267050
Garden Court,,37.876308,-122.260079
Garden Village,,37.864612,-122.264984
Genetics & Plant Biology Greenhouse,,37.875769,-122.267093
Genetics and Plant Biology,GPB,37.873436,-122.264749
Gerson Bakar Faculty Building,,37.871954,-122.253571
Giannini Hall,Giannini,37.873504,-122.262417
Giauque Hall,,37.872614,-122.256079
Gibbs Hall,,37.876202,-122.261433
Gilman Hall,,37.872641,-122.256324
Golden Bear Cafe,GBC,37.869830,-122.259700
Golden Bear Gymnastics,,37.865410,-122.247206
Golden Bear Rec Center Softball Field,,37.865575,-122.247961
Goldman Field,,37.869005,-122.264821
Goldman School of Public Policy,,37.875715,-122.257880
Grace Garden,,37.874739,-122.264542
Graduate Theological Union Hewlett Library,,37.875543,-122.261874
Graduate by Hilton Berkeley,,37.867883,-122.256301
Griffiths Hall,,37.865846,-122.254285
Grimes Engineering Center,Bechtel|Bechtel Engineering Center|Grimes|Jarvis Auditorium|Eugene Jarvis Auditorium,37.874219,-122.258190
Haas Pavilion,,37.869362,-122.262185
Haas School of Business,Haas|Haas School|Haas Business School,37.871940,-122.253840
Hal and Audrey Norton House,,37.863921,-122.256085
Hargrove Music Library,,37.870450,-122.256139
Harmer E. Davis Transportation Library,,37.873817,-122.258931
Haviland Hall,Haviland,37.873735,-122.261083
Hearst Field Annex,HFA|Hearst Annex,37.869431,-122.258178
Hearst Greek Theatre,Greek Theatre|Greek Theater|The Greek,37.873692,-122.254251
Hearst Memorial Gymnasium,Hearst Gym,37.869591,-122.256920
Hearst Memorial Mining Building,Hearst Mining Building|HMMB,37.874454,-122.257265
Hearst Mining Circle,Mining Circle,37.873650,-122.257040
Hearst Museum of Anthropology,,37.869530,-122.255260
Helen and Thomas Wu Performance Hall,,37.870921,-122.256637
Hellman Tennis Center,,37.869968,-122.265052
Hertz Hall,Hertz,37.871094,-122.255763
Hesse Hall,,37.874312,-122.259376
Heywood Apartments,,37.871540,-122.267158
Hildebrand Hall,Hildebrand,37.872591,-122.255719
Hilgard Hall,Hilgard,37.873314,-122.263356
Hillegass Parker House Main House,,37.863784,-122.256027
Hillside Club,,37.878768,-122.264925
Hillside Village,,37.875176,-122.268411
Holbrook Building,,37.876695,-122.263086
Howard Hall Apartments,,37.868137,-122.250912
Howison Philosophy Library,,37.870858,-122.257969
Hoyt Hall,,37.876356,-122.259772
Hub Bancroft,,37.868710,-122.257140
IDENTITY Logan Park,,37.866318,-122.268379
Ida Louise Jackson Graduate House,,37.868083,-122.253951
Ida Sproul Hall,,37.866941,-122.260927
Innovative Genomics Institute,,37.873822,-122.266933
Insectary Greenhouse,,37.874740,-122.267264
Institute for Research on Labor and Employment Library,,37.867175,-122.257844
Institute of Governmental Studies Library,,37.871036,-122.257922
International House,I-House|IHouse,37.869695,-122.251499
Jacobs Hall,Jacobs,37.876032,-122.258813
Japanese American Alumni Cherry Tree Grove,,37.871920,-122.264445
Jensen House,,37.878737,-122.256864
Jodo Shinshu Center,,37.866604,-122.266094
Joint Genome Institute,,37.877329,-122.250972
Jordan Court,,37.878526,-122.266534
Judith E. Heumann House,,37.865810,-122.256993
Julia Morgan Center For The Arts,,37.862267,-122.254113
Kappa Delta Rho,,37.867909,-122.252474
Kidd Hall,,37.876921,-122.259366
Kingman Hall,,37.877020,-122.257498
Kleeberger Field House,,37.868683,-122.263593
Kluegel Student Housing,,37.877608,-122.257648
Koshland Hall,Koshland,37.873932,-122.264891
Kresge Engineering & Mathematical Sciences Library,,37.873995,-122.258186
Kroeber Plaza,,37.869730,-122.254530
Latimer Hall,Latimer,37.873117,-122.255917
Lawrence Hall of Science,,37.879201,-122.246694
Legends Aquatic Center,,37.867501,-122.265006
Levine-Fricke Softball Field,,37.871665,-122.247513
Lewis Hall,,37.873005,-122.255195
Li Ka Shing Center,Li Ka Shing|LKS,37.872994,-122.265429
Life Adventist Church of Berkeley,,37.862383,-122.263322
Longfellow Building,,37.868065,-122.266335
Lothlorien North House,,37.867824,-122.249616
Lothlorien South House,,37.867633,-122.249584
Lower Hearst Structure,,37.875208,-122.261428
Lower Sproul Plaza,Lower Sproul,37.869170,-122.260220
Magnes Collection of Jewish Art and Life,,37.869800,-122.266885
Main Stacks,,37.872835,-122.259482
Maison Durant,,37.867425,-122.263861
Makers Paradise,,37.874984,-122.268908
Mangalam Research Center for Buddhist Languages,,37.868965,-122.269552
Manville Hall,,37.865612,-122.267007
Marian Koshland Bioscience & Natural Resources Library,,37.871374,-122.262684
Martin Luther King Jr. Student Union,MLK|MLK Student Union|MLK Jr Student Union|Pauley Ballroom|Pauley|Tilden Room|Heller Lounge|ASUC Student Union|Student Union,37.869109,-122.259687
Maximo Martinez Commons,,37.866600,-122.257759
Maxwell Family Field,,37.872327,-122.252842
McCone Hall,,37.874127,-122.259687
McEnerney Hall,,37.876655,-122.264574
McKinley Hall,,37.866284,-122.260027
McLaughlin Hall,,37.873833,-122.259050
Medak Center,,37.871204,-122.270094
Memorial Glade,The Glade|Glade,37.873200,-122.259370
Minor Hall,,37.871473,-122.254734
Minor Hall Addition,,37.871423,-122.255130
Modera Berkeley,,37.872494,-122.268071
Moe's Books,,37.865495,-122.258815
Moffitt Undergraduate Library,Moffitt|Moffitt Library,37.872552,-122.260855
Morgan Building,,37.873080,-122.268797
Morgan Hall,,37.873315,-122.264181
Morrison Hall,,37.870864,-122.256470
Morrison Library,,37.872459,-122.259782
Mosaic Boulders,,37.867446,-122.258770
Mulford Hall,Mulford,37.872675,-122.264493
Nash Hotel,,37.872278,-122.269567
National Energy Research Scientific Computing Center (NERSC),,37.875734,-122.252695
Native American Community Center,,37.870633,-122.258278
Natural Resources Laboratory,,37.874812,-122.266865
Neighborhood Pickleball,,37.869693,-122.268925
Nevo Education Center,,37.871243,-122.269072
New Sequoia,,37.866191,-122.259026
Newman Hall Holy Spirit Parish,,37.865446,-122.253344
North Gate Hall,,37.874880,-122.259613
North Reading Room,,37.872435,-122.259496
Northwest Animal Facility,,37.873663,-122.265522
Norton Hall,,37.867380,-122.260845
O'Brien Breezeway,,37.874072,-122.258959
O'Brien Hall,,37.874383,-122.259089
Old Art Gallery,,37.870578,-122.258703
Oscar Wilde House,,37.867417,-122.250966
Oxford Hall,,37.869896,-122.266139
Oxford Research Unit,,37.875247,-122.267085
Panoramic Northside,,37.875431,-122.269092
Parker Place,,37.861633,-122.267691
Parsons Hall,,37.876684,-122.261276
Peet's Theatre,,37.871290,-122.269334
People's Park,,37.865760,-122.257140
Phi Kappa Psi Fraternity,,37.866855,-122.250985
Philosophy Hall,,37.870953,-122.258159
Physics North & Physics South,LeConte|LeConte Hall|Physics North|Physics South,37.872596,-122.257131
Pimentel Hall,Pimentel,37.873420,-122.256032
Press Coffee,,37.872778,-122.260412
Priestley Hall,,37.866948,-122.259878
Provocation Theatre,,37.867887,-122.266455
Putnam Hall,,37.867607,-122.254684
Recreational Sports Facility,RSF,37.868656,-122.262766
Residence Inn by Marriott Berkeley,,37.870751,-122.267192
Residential & Student Services Building,,37.866863,-122.255904
Ridge House,,37.875687,-122.261364
Riviera Apartments,,37.865336,-122.254926
Rochdale Apartments,,37.865689,-122.259838
Rochdale Village Building B,,37.865648,-122.259310
Rochdale Village Building C,,37.865514,-122.259566
Rochdale Village Building D,,37.865469,-122.259952
Rochdale Village Building E,,37.865528,-122.260288
Roos Brothers Building,,37.871653,-122.268044
S.H. Kress Building,,37.871279,-122.268738
Saint Mark's Episcopal Church,,37.867961,-122.263224
Sather Gate,,37.870240,-122.259510
Sather Lane Shops,,37.867996,-122.259868
Seeley G. Mudd Building,,37.876802,-122.263704
Senior Hall,,37.871870,-122.255409
Shattuck Lofts,,37.874195,-122.268394
Shattuck North,,37.876408,-122.269264
Sherman Hall,,37.869681,-122.250710
Shires Hall,,37.876191,-122.261075
Sigma Kappa Sorority,,37.867671,-122.250501
Simon Hall,,37.869876,-122.252768
Slottman Hall,,37.867554,-122.255255
Smyth House,,37.867131,-122.247680
Social Research Library,,37.873614,-122.261117
Social Sciences Building,Barrows|Barrows Hall|SSB,37.870116,-122.257957
Soda Hall,Soda,37.875674,-122.258724
South Gate Apartments,,37.867707,-122.257669
South Hall,,37.871341,-122.258533
South House,,37.863605,-122.256085
Spens-Black Hall,,37.867488,-122.260004
Spieker Aquatics Complex,,37.868729,-122.262009
Sproul Hall,,37.869592,-122.258821
Sproul Plaza,Upper Sproul|Sproul,37.869500,-122.259240
Stadium Place,,37.867243,-122.266205
Stanley Hall,Stanley,37.873983,-122.256113
Stebbins Hall,,37.876381,-122.259300
Stephens Hall,Stephens,37.871334,-122.257580
Stern Hall,,37.874812,-122.255171
Strawberry Canyon Recreation Center,,37.871555,-122.247024
Stuart Pratt Manor,,37.866208,-122.269298
Student Services Building,,37.871460,-122.253510
Studio Building,,37.871449,-122.267452
Sutardja Dai Hall (CITRIS),SDH|Sutardja Dai|Sutardja Dai Hall|CITRIS,37.874898,-122.258400
Sutter Urgent Care - Berkeley,,37.863343,-122.270328
Tan Hall,,37.873114,-122.256451
Tang Center,Tang,37.867613,-122.264398
Tellefsen Hall,,37.877101,-122.258316
Terrace West,,37.875596,-122.268412
The Berkeley Place,,37.872346,-122.269155
The Campanile (Sather Tower),Campanile|Sather Tower,37.872060,-122.257832
The Church in Berkeley,,37.865415,-122.261242
The Church of Jesus Christ of Latter-day Saints,,37.875488,-122.262860
The Four Cedars,,37.878735,-122.268278
The Gateway,Gateway|Gateway Building|CDSS Gateway,37.874138,-122.263479
The Grassroots House,,37.862680,-122.268578
The Lair,Bear's Lair,37.865014,-122.267975
The Law Building,Boalt|Boalt Hall|Berkeley Law|Law School,37.869938,-122.253460
The Law Building South,,37.869665,-122.253487
The Mark Twain Condominiums,,37.863701,-122.253318
The Marsh Arts Center,,37.869402,-122.266992
The Rajkumar,,37.864134,-122.267896
The Roda Theatre,,37.871245,-122.269775
The UC Theatre,,37.871806,-122.269814
The Wright Institute,,37.868249,-122.253125
Theta Xi Fraternity,,37.868582,-122.255058
Thomas J. Long Business Library,,37.871477,-122.253736
Ticket Office,,37.869948,-122.250150
Towle Hall,,37.866338,-122.254675
Town and Gown Club,,37.865100,-122.260582
Treehaven,,37.876399,-122.259564
Trinity United Methodist Church,,37.867731,-122.261808
Trumpetvine Court,,37.869838,-122.267581
UC Berkeley Pollinator Garden,,37.871055,-122.262303
UC Press,,37.872952,-122.267641
Undergraduate Academic Building,,37.870819,-122.261661
Underhill Sports Field,,37.866911,-122.254907
Unit 1,Unit One,37.867820,-122.255230
Unit 2,Unit Two,37.866050,-122.254880
Unit 3,Unit Three,37.867170,-122.260370
United States Post Office,,37.868188,-122.258517
University Hotel,,37.872315,-122.269336
University House,,37.874500,-122.262247
University Lutheran Chapel,,37.866712,-122.253811
University Park Apartments,,37.876151,-122.268564
University YWCA,,37.868933,-122.256630
Valley Life Sciences Building,VLSB|Valley Life Sciences,37.871476,-122.262135
Varsity Berkeley,,37.866065,-122.268912
Vedanta Society Berkeley,,37.866119,-122.256023
Wada Hall,,37.865790,-122.254886
Weill Hall,,37.871407,-122.263266
Wellman Hall,Wellman,37.873125,-122.262781
Wesley House,,37.868181,-122.261694
Weston Havens House,,37.869065,-122.247371
Wheeler Hall,Wheeler,37.871308,-122.259168
Witter Rugby Field,,37.871211,-122.248663
Wm. Penn Apts,,37.863059,-122.265377
Wolf House,,37.868371,-122.252876
Women's Faculty Club,,37.872072,-122.254913
Yun Lin Temple,,37.877382,-122.260278
Zellerbach Hall,Zellerbach,37.869102,-122.260798
Zellerbach Playhouse,,37.869094,-122.261305
d'Autremont Hall,,37.876118,-122.263323
Örly Museum of Hungarian Culture,,37.877067,-122.264611
